
INSERT INTO ESPECIE (id_especie, nombre) VALUES (1, 'Perro');
INSERT INTO ESPECIE (id_especie, nombre) VALUES (2, 'Gato');
INSERT INTO ESPECIE (id_especie, nombre) VALUES (3, 'Conejo');
INSERT INTO ESPECIE (id_especie, nombre) VALUES (4, 'Ave');
INSERT INTO ESPECIE (id_especie, nombre) VALUES (5, 'Hamster');

SELECT * FROM ESPECIE;


INSERT INTO RAZA (id_raza, id_especie, nombre) VALUES (1, 1, 'Labrador');
INSERT INTO RAZA (id_raza, id_especie, nombre) VALUES (2, 1, 'Criollo');
INSERT INTO RAZA (id_raza, id_especie, nombre) VALUES (3, 1, 'Golden Retriever');
INSERT INTO RAZA (id_raza, id_especie, nombre) VALUES (4, 1, 'Beagle');
INSERT INTO RAZA (id_raza, id_especie, nombre) VALUES (5, 1, 'Pastor Aleman');
INSERT INTO RAZA (id_raza, id_especie, nombre) VALUES (6, 1, 'French Poodle');
INSERT INTO RAZA (id_raza, id_especie, nombre) VALUES (7, 1, 'Border Collie');
INSERT INTO RAZA (id_raza, id_especie, nombre) VALUES (8, 1, 'Bulldog');
INSERT INTO RAZA (id_raza, id_especie, nombre) VALUES (9, 2, 'Persa');
INSERT INTO RAZA (id_raza, id_especie, nombre) VALUES (10, 2, 'Siames');
INSERT INTO RAZA (id_raza, id_especie, nombre) VALUES (11, 2, 'Angora');
INSERT INTO RAZA (id_raza, id_especie, nombre) VALUES (12, 2, 'Criollo');
INSERT INTO RAZA (id_raza, id_especie, nombre) VALUES (13, 2, 'Bengali');
INSERT INTO RAZA (id_raza, id_especie, nombre) VALUES (14, 3, 'Mini Lop');
INSERT INTO RAZA (id_raza, id_especie, nombre) VALUES (15, 3, 'Cabeza de Leon');
INSERT INTO RAZA (id_raza, id_especie, nombre) VALUES (16, 4, 'Canario');
INSERT INTO RAZA (id_raza, id_especie, nombre) VALUES (17, 4, 'Periquito');
INSERT INTO RAZA (id_raza, id_especie, nombre) VALUES (18, 5, 'Sirio');
INSERT INTO RAZA (id_raza, id_especie, nombre) VALUES (19, 5, 'Ruso');
INSERT INTO RAZA (id_raza, id_especie, nombre) VALUES (20, 3, 'Rex');

SELECT * FROM RAZA;

INSERT INTO DIRECCION (id_direccion, ciudad, barrio, calle, numero) VALUES (1, 'Bogota', 'Suba', 'Calle 11', '1-21');
INSERT INTO DIRECCION (id_direccion, ciudad, barrio, calle, numero) VALUES (2, 'Bogota', 'Chapinero', 'Calle 12', '2-22');
INSERT INTO DIRECCION (id_direccion, ciudad, barrio, calle, numero) VALUES (3, 'Medellin', 'Poblado', 'Calle 13', '3-23');
INSERT INTO DIRECCION (id_direccion, ciudad, barrio, calle, numero) VALUES (4, 'Cali', 'San Fernando', 'Calle 14', '4-24');
INSERT INTO DIRECCION (id_direccion, ciudad, barrio, calle, numero) VALUES (5, 'Barranquilla', 'Norte', 'Calle 15', '5-25');
INSERT INTO DIRECCION (id_direccion, ciudad, barrio, calle, numero) VALUES (6, 'Bucaramanga', 'Cabecera', 'Calle 16', '6-26');
INSERT INTO DIRECCION (id_direccion, ciudad, barrio, calle, numero) VALUES (7, 'Pereira', 'Centro', 'Calle 17', '7-27');
INSERT INTO DIRECCION (id_direccion, ciudad, barrio, calle, numero) VALUES (8, 'Manizales', 'Palermo', 'Calle 18', '8-28');
INSERT INTO DIRECCION (id_direccion, ciudad, barrio, calle, numero) VALUES (9, 'Cartagena', 'Bocagrande', 'Calle 19', '9-29');
INSERT INTO DIRECCION (id_direccion, ciudad, barrio, calle, numero) VALUES (10, 'Tunja', 'Maldonado', 'Calle 20', '10-30');
INSERT INTO DIRECCION (id_direccion, ciudad, barrio, calle, numero) VALUES (11, 'Bogota', 'Suba', 'Calle 21', '11-31');
INSERT INTO DIRECCION (id_direccion, ciudad, barrio, calle, numero) VALUES (12, 'Bogota', 'Chapinero', 'Calle 22', '12-32');
INSERT INTO DIRECCION (id_direccion, ciudad, barrio, calle, numero) VALUES (13, 'Medellin', 'Poblado', 'Calle 23', '13-33');
INSERT INTO DIRECCION (id_direccion, ciudad, barrio, calle, numero) VALUES (14, 'Cali', 'San Fernando', 'Calle 24', '14-34');
INSERT INTO DIRECCION (id_direccion, ciudad, barrio, calle, numero) VALUES (15, 'Barranquilla', 'Norte', 'Calle 25', '15-35');
INSERT INTO DIRECCION (id_direccion, ciudad, barrio, calle, numero) VALUES (16, 'Bucaramanga', 'Cabecera', 'Calle 26', '16-36');
INSERT INTO DIRECCION (id_direccion, ciudad, barrio, calle, numero) VALUES (17, 'Pereira', 'Centro', 'Calle 27', '17-37');
INSERT INTO DIRECCION (id_direccion, ciudad, barrio, calle, numero) VALUES (18, 'Manizales', 'Palermo', 'Calle 28', '18-38');
INSERT INTO DIRECCION (id_direccion, ciudad, barrio, calle, numero) VALUES (19, 'Cartagena', 'Bocagrande', 'Calle 29', '19-39');
INSERT INTO DIRECCION (id_direccion, ciudad, barrio, calle, numero) VALUES (20, 'Tunja', 'Maldonado', 'Calle 30', '20-40');
INSERT INTO DIRECCION (id_direccion, ciudad, barrio, calle, numero) VALUES (21, 'Bogota', 'Suba', 'Calle 31', '21-41');
INSERT INTO DIRECCION (id_direccion, ciudad, barrio, calle, numero) VALUES (22, 'Bogota', 'Chapinero', 'Calle 32', '22-42');
INSERT INTO DIRECCION (id_direccion, ciudad, barrio, calle, numero) VALUES (23, 'Medellin', 'Poblado', 'Calle 33', '23-43');
INSERT INTO DIRECCION (id_direccion, ciudad, barrio, calle, numero) VALUES (24, 'Cali', 'San Fernando', 'Calle 34', '24-44');
INSERT INTO DIRECCION (id_direccion, ciudad, barrio, calle, numero) VALUES (25, 'Barranquilla', 'Norte', 'Calle 35', '25-45');
INSERT INTO DIRECCION (id_direccion, ciudad, barrio, calle, numero) VALUES (26, 'Bucaramanga', 'Cabecera', 'Calle 36', '26-46');
INSERT INTO DIRECCION (id_direccion, ciudad, barrio, calle, numero) VALUES (27, 'Pereira', 'Centro', 'Calle 37', '27-47');
INSERT INTO DIRECCION (id_direccion, ciudad, barrio, calle, numero) VALUES (28, 'Manizales', 'Palermo', 'Calle 38', '28-48');
INSERT INTO DIRECCION (id_direccion, ciudad, barrio, calle, numero) VALUES (29, 'Cartagena', 'Bocagrande', 'Calle 39', '29-49');
INSERT INTO DIRECCION (id_direccion, ciudad, barrio, calle, numero) VALUES (30, 'Tunja', 'Maldonado', 'Calle 40', '30-50');

SELECT * FROM DIRECCION;

INSERT INTO PERSONA VALUES (1, 1, 'Juan', 'Perez', '1001', 'juan1@mail.com', '300000001');
INSERT INTO PERSONA VALUES (2, 2, 'Ana', 'Gomez', '1002', 'ana2@mail.com', NULL);
INSERT INTO PERSONA VALUES (3, 3, 'Luis', 'Martinez', '1003', 'luis3@mail.com', '300000003');
INSERT INTO PERSONA VALUES (4, 4, 'Maria', 'Lopez', '1004', 'maria4@mail.com', '300000004');
INSERT INTO PERSONA VALUES (5, 5, 'Carlos', 'Ruiz', '1005', 'carlos5@mail.com', NULL);
INSERT INTO PERSONA VALUES (6, 6, 'Laura', 'Diaz', '1006', 'laura6@mail.com', '300000006');
INSERT INTO PERSONA VALUES (7, 7, 'Pedro', 'Ramirez', '1007', 'pedro7@mail.com', '300000007');
INSERT INTO PERSONA VALUES (8, 8, 'Sofia', 'Torres', '1008', 'sofia8@mail.com', NULL);
INSERT INTO PERSONA VALUES (9, 9, 'Diego', 'Vargas', '1009', 'diego9@mail.com', '300000009');
INSERT INTO PERSONA VALUES (10, 10, 'Camila', 'Castro', '1010', 'camila10@mail.com', '300000010');

INSERT INTO PERSONA VALUES (11, 11, 'Andres', 'Ortega', '1011', 'andres11@mail.com', '300000011');
INSERT INTO PERSONA VALUES (12, 12, 'Paula', 'Rojas', '1012', 'paula12@mail.com', NULL);
INSERT INTO PERSONA VALUES (13, 13, 'Jorge', 'Mendoza', '1013', 'jorge13@mail.com', '300000013');
INSERT INTO PERSONA VALUES (14, 14, 'Natalia', 'Silva', '1014', 'natalia14@mail.com', '300000014');
INSERT INTO PERSONA VALUES (15, 15, 'Felipe', 'Herrera', '1015', 'felipe15@mail.com', NULL);
INSERT INTO PERSONA VALUES (16, 16, 'Daniela', 'Moreno', '1016', 'daniela16@mail.com', '300000016');
INSERT INTO PERSONA VALUES (17, 17, 'Sebastian', 'Guerrero', '1017', 'sebastian17@mail.com', '300000017');
INSERT INTO PERSONA VALUES (18, 18, 'Valentina', 'Navarro', '1018', 'valentina18@mail.com', NULL);
INSERT INTO PERSONA VALUES (19, 19, 'Miguel', 'Reyes', '1019', 'miguel19@mail.com', '300000019');
INSERT INTO PERSONA VALUES (20, 20, 'Juliana', 'Cortes', '1020', 'juliana20@mail.com', '300000020');

INSERT INTO PERSONA VALUES (21, 21, 'Ricardo', 'Campos', '1021', 'ricardo21@mail.com', '300000021');
INSERT INTO PERSONA VALUES (22, 22, 'Angela', 'Soto', '1022', 'angela22@mail.com', NULL);
INSERT INTO PERSONA VALUES (23, 23, 'Oscar', 'Pineda', '1023', 'oscar23@mail.com', '300000023');
INSERT INTO PERSONA VALUES (24, 24, 'Sandra', 'Rincon', '1024', 'sandra24@mail.com', '300000024');
INSERT INTO PERSONA VALUES (25, 25, 'Hector', 'Salazar', '1025', 'hector25@mail.com', NULL);
INSERT INTO PERSONA VALUES (26, 26, 'Monica', 'Leon', '1026', 'monica26@mail.com', '300000026');
INSERT INTO PERSONA VALUES (27, 27, 'Alberto', 'Acosta', '1027', 'alberto27@mail.com', '300000027');
INSERT INTO PERSONA VALUES (28, 28, 'Carolina', 'Vega', '1028', 'carolina28@mail.com', NULL);
INSERT INTO PERSONA VALUES (29, 29, 'Pablo', 'Bermudez', '1029', 'pablo29@mail.com', '300000029');
INSERT INTO PERSONA VALUES (30, 30, 'Diana', 'Rueda', '1030', 'diana30@mail.com', '300000030');

INSERT INTO PERSONA VALUES (31, 1, 'Ivan', 'Arias', '1031', 'ivan31@mail.com', '300000031');
INSERT INTO PERSONA VALUES (32, 2, 'Luisa', 'Nieto', '1032', 'luisa32@mail.com', NULL);
INSERT INTO PERSONA VALUES (33, 3, 'Rafael', 'Gaitan', '1033', 'rafael33@mail.com', '300000033');
INSERT INTO PERSONA VALUES (34, 4, 'Adriana', 'Bonilla', '1034', 'adriana34@mail.com', '300000034');
INSERT INTO PERSONA VALUES (35, 5, 'Fernando', 'Ospina', '1035', 'fernando35@mail.com', NULL);
INSERT INTO PERSONA VALUES (36, 6, 'Claudia', 'Parra', '1036', 'claudia36@mail.com', '300000036');
INSERT INTO PERSONA VALUES (37, 7, 'Gustavo', 'Duran', '1037', 'gustavo37@mail.com', '300000037');
INSERT INTO PERSONA VALUES (38, 8, 'Liliana', 'Mora', '1038', 'liliana38@mail.com', NULL);
INSERT INTO PERSONA VALUES (39, 9, 'Cesar', 'Arango', '1039', 'cesar39@mail.com', '300000039');
INSERT INTO PERSONA VALUES (40, 10, 'Paola', 'Quintero', '1040', 'paola40@mail.com', '300000040');

INSERT INTO PERSONA VALUES (41, 11, 'Henry', 'Avila', '1041', 'henry41@mail.com', '300000041');
INSERT INTO PERSONA VALUES (42, 12, 'Doris', 'Zapata', '1042', 'doris42@mail.com', NULL);
INSERT INTO PERSONA VALUES (43, 13, 'Cristian', 'Melo', '1043', 'cristian43@mail.com', '300000043');
INSERT INTO PERSONA VALUES (44, 14, 'Patricia', 'Londoño', '1044', 'patricia44@mail.com', '300000044');
INSERT INTO PERSONA VALUES (45, 15, 'Edgar', 'Sierra', '1045', 'edgar45@mail.com', NULL);
INSERT INTO PERSONA VALUES (46, 16, 'Gloria', 'Pardo', '1046', 'gloria46@mail.com', '300000046');
INSERT INTO PERSONA VALUES (47, 17, 'Victor', 'Lara', '1047', 'victor47@mail.com', '300000047');
INSERT INTO PERSONA VALUES (48, 18, 'Rosa', 'Bautista', '1048', 'rosa48@mail.com', NULL);
INSERT INTO PERSONA VALUES (49, 19, 'Jaime', 'Galindo', '1049', 'jaime49@mail.com', '300000049');
INSERT INTO PERSONA VALUES (50, 20, 'Martha', 'Suarez', '1050', 'martha50@mail.com', '300000050');

SELECT * FROM PERSONA;

INSERT INTO REFUGIO VALUES (1, 'Refugio Huellas', '6011111111');
INSERT INTO REFUGIO VALUES (2, 'Patitas Felices', '6012222222');
INSERT INTO REFUGIO VALUES (3, 'Casa Animal', '6043333333');
INSERT INTO REFUGIO VALUES (4, 'Esperanza Animal', '6024444444');
INSERT INTO REFUGIO VALUES (5, 'Mascotas con Futuro', '6055555555');

SELECT * FROM REFUGIO;

INSERT INTO SUCURSAL VALUES (1, 1, 1, 'Sede Norte');
INSERT INTO SUCURSAL VALUES (2, 1, 2, 'Sede Sur');
INSERT INTO SUCURSAL VALUES (3, 2, 3, 'Sede Centro');
INSERT INTO SUCURSAL VALUES (4, 2, 4, 'Sede Suba');
INSERT INTO SUCURSAL VALUES (5, 3, 5, 'Sede Medellin');
INSERT INTO SUCURSAL VALUES (6, 3, 6, 'Sede Laureles');
INSERT INTO SUCURSAL VALUES (7, 4, 7, 'Sede Cali');
INSERT INTO SUCURSAL VALUES (8, 4, 8, 'Sede Valle');
INSERT INTO SUCURSAL VALUES (9, 5, 9, 'Sede Principal');
INSERT INTO SUCURSAL VALUES (10, 5, 10, 'Sede Campestre');

SELECT * FROM SUCURSAL;

INSERT INTO ADOPTANTE VALUES (1, 1, 'Casa');
INSERT INTO ADOPTANTE VALUES (2, 2, 'Apartamento');
INSERT INTO ADOPTANTE VALUES (3, 3, 'Finca');
INSERT INTO ADOPTANTE VALUES (4, 4, 'Casa');
INSERT INTO ADOPTANTE VALUES (5, 5, 'Apartamento');
INSERT INTO ADOPTANTE VALUES (6, 6, 'Casa');
INSERT INTO ADOPTANTE VALUES (7, 7, 'Apartamento');
INSERT INTO ADOPTANTE VALUES (8, 8, 'Finca');
INSERT INTO ADOPTANTE VALUES (9, 9, 'Casa');
INSERT INTO ADOPTANTE VALUES (10, 10, 'Apartamento');

INSERT INTO ADOPTANTE VALUES (11, 11, 'Casa');
INSERT INTO ADOPTANTE VALUES (12, 12, 'Apartamento');
INSERT INTO ADOPTANTE VALUES (13, 13, 'Finca');
INSERT INTO ADOPTANTE VALUES (14, 14, 'Casa');
INSERT INTO ADOPTANTE VALUES (15, 15, 'Apartamento');
INSERT INTO ADOPTANTE VALUES (16, 16, 'Casa');
INSERT INTO ADOPTANTE VALUES (17, 17, 'Apartamento');
INSERT INTO ADOPTANTE VALUES (18, 18, 'Finca');
INSERT INTO ADOPTANTE VALUES (19, 19, 'Casa');
INSERT INTO ADOPTANTE VALUES (20, 20, 'Apartamento');

INSERT INTO ADOPTANTE VALUES (21, 21, 'Casa');
INSERT INTO ADOPTANTE VALUES (22, 22, 'Apartamento');
INSERT INTO ADOPTANTE VALUES (23, 23, 'Finca');
INSERT INTO ADOPTANTE VALUES (24, 24, 'Casa');
INSERT INTO ADOPTANTE VALUES (25, 25, 'Apartamento');
INSERT INTO ADOPTANTE VALUES (26, 26, 'Casa');
INSERT INTO ADOPTANTE VALUES (27, 27, 'Apartamento');
INSERT INTO ADOPTANTE VALUES (28, 28, 'Finca');
INSERT INTO ADOPTANTE VALUES (29, 29, 'Casa');
INSERT INTO ADOPTANTE VALUES (30, 30, 'Apartamento');

INSERT INTO ADOPTANTE VALUES (31, 31, 'Casa');
INSERT INTO ADOPTANTE VALUES (32, 32, 'Apartamento');
INSERT INTO ADOPTANTE VALUES (33, 33, 'Finca');
INSERT INTO ADOPTANTE VALUES (34, 34, 'Casa');
INSERT INTO ADOPTANTE VALUES (35, 35, 'Apartamento');
INSERT INTO ADOPTANTE VALUES (36, 36, 'Casa');
INSERT INTO ADOPTANTE VALUES (37, 37, 'Apartamento');
INSERT INTO ADOPTANTE VALUES (38, 38, 'Finca');
INSERT INTO ADOPTANTE VALUES (39, 39, 'Casa');
INSERT INTO ADOPTANTE VALUES (40, 40, 'Apartamento');


INSERT INTO ADOPTANTE VALUES (41, 41, 'Casa');
INSERT INTO ADOPTANTE VALUES (42, 42, 'Apartamento');
INSERT INTO ADOPTANTE VALUES (43, 43, 'Finca');
INSERT INTO ADOPTANTE VALUES (44, 44, 'Casa');
INSERT INTO ADOPTANTE VALUES (45, 45, 'Apartamento');
INSERT INTO ADOPTANTE VALUES (46, 46, 'Casa');
INSERT INTO ADOPTANTE VALUES (47, 47, 'Apartamento');
INSERT INTO ADOPTANTE VALUES (48, 48, 'Finca');
INSERT INTO ADOPTANTE VALUES (49, 49, 'Casa');
INSERT INTO ADOPTANTE VALUES (50, 50, 'Apartamento');

SELECT * FROM ADOPTANTE;

INSERT INTO VOLUNTARIO VALUES (1, 31, 'Manana', 'Cuidado');
INSERT INTO VOLUNTARIO VALUES (2, 32, 'Tarde', 'Transporte');
INSERT INTO VOLUNTARIO VALUES (3, 33, 'Fines de semana', 'Campanas');
INSERT INTO VOLUNTARIO VALUES (4, 34, 'Manana', 'Limpieza');
INSERT INTO VOLUNTARIO VALUES (5, 35, 'Tarde', 'Cuidado');

INSERT INTO VOLUNTARIO VALUES (6, 36, 'Manana', 'Transporte');
INSERT INTO VOLUNTARIO VALUES (7, 37, 'Tarde', 'Campanas');
INSERT INTO VOLUNTARIO VALUES (8, 38, 'Fines de semana', 'Limpieza');
INSERT INTO VOLUNTARIO VALUES (9, 39, 'Manana', 'Cuidado');
INSERT INTO VOLUNTARIO VALUES (10, 40, 'Tarde', 'Transporte');

INSERT INTO VOLUNTARIO VALUES (11, 41, 'Manana', 'Campanas');
INSERT INTO VOLUNTARIO VALUES (12, 42, 'Tarde', 'Limpieza');
INSERT INTO VOLUNTARIO VALUES (13, 43, 'Fines de semana', 'Cuidado');
INSERT INTO VOLUNTARIO VALUES (14, 44, 'Manana', 'Transporte');
INSERT INTO VOLUNTARIO VALUES (15, 45, 'Tarde', 'Campanas');

INSERT INTO VOLUNTARIO VALUES (16, 46, 'Manana', 'Limpieza');
INSERT INTO VOLUNTARIO VALUES (17, 47, 'Tarde', 'Cuidado');
INSERT INTO VOLUNTARIO VALUES (18, 48, 'Fines de semana', 'Transporte');
INSERT INTO VOLUNTARIO VALUES (19, 49, 'Manana', 'Campanas');
INSERT INTO VOLUNTARIO VALUES (20, 50, 'Tarde', 'Limpieza');

SELECT * FROM VOLUNTARIO;

INSERT INTO ANIMAL VALUES (1, 1, 1, 'Max1', 'Disponible');
INSERT INTO ANIMAL VALUES (2, 2, 2, 'Luna2', 'Disponible');
INSERT INTO ANIMAL VALUES (3, 3, 3, 'Toby3', 'Disponible');
INSERT INTO ANIMAL VALUES (4, 4, 4, 'Milo4', 'Disponible');
INSERT INTO ANIMAL VALUES (5, 5, 5, 'Nala5', 'Disponible');

INSERT INTO ANIMAL VALUES (6, 6, 6, 'Dobby', 'Disponible');
INSERT INTO ANIMAL VALUES (7, 7, 7, 'Red', 'Disponible');
INSERT INTO ANIMAL VALUES (8, 8, 8, 'Esponja', 'Disponible');
INSERT INTO ANIMAL VALUES (9, 9, 9, 'Zeus9', 'Disponible');
INSERT INTO ANIMAL VALUES (10, 10, 10, 'Bobby10', 'Disponible');

INSERT INTO ANIMAL VALUES (11, 11, 1, 'Max11', 'Disponible');
INSERT INTO ANIMAL VALUES (12, 12, 2, 'Luna12', 'Disponible');
INSERT INTO ANIMAL VALUES (13, 13, 3, 'Toby13', 'Disponible');
INSERT INTO ANIMAL VALUES (14, 14, 4, 'Milo14', 'Disponible');
INSERT INTO ANIMAL VALUES (15, 15, 5, 'Nala15', 'Disponible');

INSERT INTO ANIMAL VALUES (16, 16, 6, 'Rocky16', 'Disponible');
INSERT INTO ANIMAL VALUES (17, 17, 7, 'Simba17', 'Disponible');
INSERT INTO ANIMAL VALUES (18, 18, 8, 'Coco18', 'Disponible');
INSERT INTO ANIMAL VALUES (19, 19, 9, 'Zeus19', 'Disponible');
INSERT INTO ANIMAL VALUES (20, 20, 10, 'Bobby20', 'Disponible');

INSERT INTO ANIMAL VALUES (21, 1, 1, 'Max21', 'Disponible');
INSERT INTO ANIMAL VALUES (22, 2, 2, 'Luna22', 'Disponible');
INSERT INTO ANIMAL VALUES (23, 3, 3, 'Toby23', 'Disponible');
INSERT INTO ANIMAL VALUES (24, 4, 4, 'Milo24', 'Disponible');
INSERT INTO ANIMAL VALUES (25, 5, 5, 'Nala25', 'Disponible');

INSERT INTO ANIMAL VALUES (26, 6, 6, 'Rocky26', 'Disponible');
INSERT INTO ANIMAL VALUES (27, 7, 7, 'Simba27', 'Disponible');
INSERT INTO ANIMAL VALUES (28, 8, 8, 'Coco28', 'Disponible');
INSERT INTO ANIMAL VALUES (29, 9, 9, 'Zeus29', 'Disponible');
INSERT INTO ANIMAL VALUES (30, 10, 10, 'Bobby30', 'Disponible');

INSERT INTO ANIMAL VALUES (31, 11, 1, 'Max31', 'Disponible');
INSERT INTO ANIMAL VALUES (32, 12, 2, 'Luna32', 'Disponible');
INSERT INTO ANIMAL VALUES (33, 13, 3, 'Toby33', 'Disponible');
INSERT INTO ANIMAL VALUES (34, 14, 4, 'Milo34', 'Disponible');
INSERT INTO ANIMAL VALUES (35, 15, 5, 'Nala35', 'Disponible');

INSERT INTO ANIMAL VALUES (36, 16, 6, 'Rocky36', 'No disponible');
INSERT INTO ANIMAL VALUES (37, 17, 7, 'Simba37', 'No disponible');
INSERT INTO ANIMAL VALUES (38, 18, 8, 'Coco38', 'No disponible');
INSERT INTO ANIMAL VALUES (39, 19, 9, 'Zeus39', 'No disponible');
INSERT INTO ANIMAL VALUES (40, 20, 10, 'Bobby40', 'No disponible');

INSERT INTO ANIMAL VALUES (41, 1, 1, 'Max41', 'No disponible');
INSERT INTO ANIMAL VALUES (42, 2, 2, 'Luna42', 'No disponible');
INSERT INTO ANIMAL VALUES (43, 3, 3, 'Toby43', 'No disponible');
INSERT INTO ANIMAL VALUES (44, 4, 4, 'Milo44', 'No disponible');
INSERT INTO ANIMAL VALUES (45, 5, 5, 'Nala45', 'No disponible');

INSERT INTO ANIMAL VALUES (46, 6, 6, 'Rocky46', 'No disponible');
INSERT INTO ANIMAL VALUES (47, 7, 7, 'Simba47', 'No disponible');
INSERT INTO ANIMAL VALUES (48, 8, 8, 'Coco48', 'No disponible');
INSERT INTO ANIMAL VALUES (49, 9, 9, 'Zeus49', 'No disponible');
INSERT INTO ANIMAL VALUES (50, 10, 10, 'Bobby50', 'No disponible');

SELECT * FROM ANIMAL;

INSERT INTO VACUNA VALUES (1, 'Rabia');
INSERT INTO VACUNA VALUES (2, 'Parvovirus');
INSERT INTO VACUNA VALUES (3, 'Moquillo');
INSERT INTO VACUNA VALUES (4, 'Leptospirosis');
INSERT INTO VACUNA VALUES (5, 'Triple felina');

SELECT * FROM VACUNA;
INSERT INTO ANIMAL_VACUNA VALUES (1, 1, TO_DATE('2026-01-01','YYYY-MM-DD'));
INSERT INTO ANIMAL_VACUNA VALUES (2, 2, TO_DATE('2026-01-02','YYYY-MM-DD'));
INSERT INTO ANIMAL_VACUNA VALUES (3, 3, TO_DATE('2026-01-03','YYYY-MM-DD'));
INSERT INTO ANIMAL_VACUNA VALUES (4, 4, TO_DATE('2026-01-04','YYYY-MM-DD'));
INSERT INTO ANIMAL_VACUNA VALUES (5, 5, TO_DATE('2026-01-05','YYYY-MM-DD'));

INSERT INTO ANIMAL_VACUNA VALUES (6, 1, TO_DATE('2026-01-06','YYYY-MM-DD'));
INSERT INTO ANIMAL_VACUNA VALUES (7, 2, TO_DATE('2026-01-07','YYYY-MM-DD'));
INSERT INTO ANIMAL_VACUNA VALUES (8, 3, TO_DATE('2026-01-08','YYYY-MM-DD'));
INSERT INTO ANIMAL_VACUNA VALUES (9, 4, TO_DATE('2026-01-09','YYYY-MM-DD'));
INSERT INTO ANIMAL_VACUNA VALUES (10, 5, TO_DATE('2026-01-10','YYYY-MM-DD'));

INSERT INTO ANIMAL_VACUNA VALUES (11, 1, TO_DATE('2026-01-11','YYYY-MM-DD'));
INSERT INTO ANIMAL_VACUNA VALUES (12, 2, TO_DATE('2026-01-12','YYYY-MM-DD'));
INSERT INTO ANIMAL_VACUNA VALUES (13, 3, TO_DATE('2026-01-13','YYYY-MM-DD'));
INSERT INTO ANIMAL_VACUNA VALUES (14, 4, TO_DATE('2026-01-14','YYYY-MM-DD'));
INSERT INTO ANIMAL_VACUNA VALUES (15, 5, TO_DATE('2026-01-15','YYYY-MM-DD'));

SELECT * FROM ANIMAL_VACUNA;

INSERT INTO SOLICITUD_ADOPCION VALUES (1, 1, 1, 'Aprobada');
INSERT INTO SOLICITUD_ADOPCION VALUES (2, 2, 2, 'Aprobada');
INSERT INTO SOLICITUD_ADOPCION VALUES (3, 3, 3, 'Aprobada');
INSERT INTO SOLICITUD_ADOPCION VALUES (4, 4, 4, 'Aprobada');
INSERT INTO SOLICITUD_ADOPCION VALUES (5, 5, 5, 'Aprobada');
INSERT INTO SOLICITUD_ADOPCION VALUES (6, 6, 6, 'Aprobada');
INSERT INTO SOLICITUD_ADOPCION VALUES (7, 7, 7, 'Aprobada');
INSERT INTO SOLICITUD_ADOPCION VALUES (8, 8, 8, 'Aprobada');
INSERT INTO SOLICITUD_ADOPCION VALUES (9, 9, 9, 'Aprobada');
INSERT INTO SOLICITUD_ADOPCION VALUES (10, 10, 10, 'Aprobada');

INSERT INTO SOLICITUD_ADOPCION VALUES (11, 11, 11, 'Pendiente');
INSERT INTO SOLICITUD_ADOPCION VALUES (12, 12, 12, 'Pendiente');
INSERT INTO SOLICITUD_ADOPCION VALUES (13, 13, 13, 'Pendiente');
INSERT INTO SOLICITUD_ADOPCION VALUES (14, 14, 14, 'Pendiente');
INSERT INTO SOLICITUD_ADOPCION VALUES (15, 15, 15, 'Pendiente');
INSERT INTO SOLICITUD_ADOPCION VALUES (16, 16, 16, 'Pendiente');
INSERT INTO SOLICITUD_ADOPCION VALUES (17, 17, 17, 'Pendiente');
INSERT INTO SOLICITUD_ADOPCION VALUES (18, 18, 18, 'Pendiente');
INSERT INTO SOLICITUD_ADOPCION VALUES (19, 19, 19, 'Pendiente');
INSERT INTO SOLICITUD_ADOPCION VALUES (20, 20, 20, 'Pendiente');

INSERT INTO SOLICITUD_ADOPCION VALUES (21, 21, 21, 'Rechazada');
INSERT INTO SOLICITUD_ADOPCION VALUES (22, 22, 22, 'Rechazada');
INSERT INTO SOLICITUD_ADOPCION VALUES (23, 23, 23, 'Rechazada');
INSERT INTO SOLICITUD_ADOPCION VALUES (24, 24, 24, 'Rechazada');
INSERT INTO SOLICITUD_ADOPCION VALUES (25, 25, 25, 'Rechazada');
INSERT INTO SOLICITUD_ADOPCION VALUES (26, 26, 26, 'Rechazada');
INSERT INTO SOLICITUD_ADOPCION VALUES (27, 27, 27, 'Rechazada');
INSERT INTO SOLICITUD_ADOPCION VALUES (28, 28, 28, 'Rechazada');
INSERT INTO SOLICITUD_ADOPCION VALUES (29, 29, 29, 'Rechazada');
INSERT INTO SOLICITUD_ADOPCION VALUES (30, 30, 30, 'Rechazada');

INSERT INTO SOLICITUD_ADOPCION VALUES (31, 31, 31, 'Aprobada');
INSERT INTO SOLICITUD_ADOPCION VALUES (32, 32, 32, 'Aprobada');
INSERT INTO SOLICITUD_ADOPCION VALUES (33, 33, 33, 'Pendiente');
INSERT INTO SOLICITUD_ADOPCION VALUES (34, 34, 34, 'Pendiente');
INSERT INTO SOLICITUD_ADOPCION VALUES (35, 35, 35, 'Rechazada');
INSERT INTO SOLICITUD_ADOPCION VALUES (36, 36, 36, 'Aprobada');
INSERT INTO SOLICITUD_ADOPCION VALUES (37, 37, 37, 'Pendiente');
INSERT INTO SOLICITUD_ADOPCION VALUES (38, 38, 38, 'Rechazada');
INSERT INTO SOLICITUD_ADOPCION VALUES (39, 39, 39, 'Aprobada');
INSERT INTO SOLICITUD_ADOPCION VALUES (40, 40, 40, 'Pendiente');

INSERT INTO SOLICITUD_ADOPCION VALUES (41, 41, 41, 'Rechazada');
INSERT INTO SOLICITUD_ADOPCION VALUES (42, 42, 42, 'Aprobada');
INSERT INTO SOLICITUD_ADOPCION VALUES (43, 43, 43, 'Pendiente');
INSERT INTO SOLICITUD_ADOPCION VALUES (44, 44, 44, 'Rechazada');
INSERT INTO SOLICITUD_ADOPCION VALUES (45, 45, 45, 'Aprobada');
INSERT INTO SOLICITUD_ADOPCION VALUES (46, 46, 46, 'Pendiente');
INSERT INTO SOLICITUD_ADOPCION VALUES (47, 47, 47, 'Rechazada');
INSERT INTO SOLICITUD_ADOPCION VALUES (48, 48, 48, 'Aprobada');
INSERT INTO SOLICITUD_ADOPCION VALUES (49, 49, 49, 'Pendiente');
INSERT INTO SOLICITUD_ADOPCION VALUES (50, 50, 50, 'Rechazada');

SELECT * FROM SOLICITUD_ADOPCION;

INSERT INTO VISITA VALUES (1, 1, TO_DATE('2026-01-05', 'YYYY-MM-DD'));
INSERT INTO VISITA VALUES (2, 2, TO_DATE('2026-01-06', 'YYYY-MM-DD'));
INSERT INTO VISITA VALUES (3, 3, TO_DATE('2026-01-07', 'YYYY-MM-DD'));
INSERT INTO VISITA VALUES (4, 4, TO_DATE('2026-01-08', 'YYYY-MM-DD'));
INSERT INTO VISITA VALUES (5, 5, TO_DATE('2026-01-09', 'YYYY-MM-DD'));
INSERT INTO VISITA VALUES (6, 6, TO_DATE('2026-01-10', 'YYYY-MM-DD'));
INSERT INTO VISITA VALUES (7, 7, TO_DATE('2026-01-11', 'YYYY-MM-DD'));
INSERT INTO VISITA VALUES (8, 8, TO_DATE('2026-01-12', 'YYYY-MM-DD'));
INSERT INTO VISITA VALUES (9, 9, TO_DATE('2026-01-13', 'YYYY-MM-DD'));
INSERT INTO VISITA VALUES (10, 10, TO_DATE('2026-01-14', 'YYYY-MM-DD'));

INSERT INTO VISITA VALUES (11, 11, TO_DATE('2026-01-15', 'YYYY-MM-DD'));
INSERT INTO VISITA VALUES (12, 12, TO_DATE('2026-01-16', 'YYYY-MM-DD'));
INSERT INTO VISITA VALUES (13, 13, TO_DATE('2026-01-17', 'YYYY-MM-DD'));
INSERT INTO VISITA VALUES (14, 14, TO_DATE('2026-01-18', 'YYYY-MM-DD'));
INSERT INTO VISITA VALUES (15, 15, TO_DATE('2026-01-19', 'YYYY-MM-DD'));
INSERT INTO VISITA VALUES (16, 16, TO_DATE('2026-01-20', 'YYYY-MM-DD'));
INSERT INTO VISITA VALUES (17, 17, TO_DATE('2026-01-21', 'YYYY-MM-DD'));
INSERT INTO VISITA VALUES (18, 18, TO_DATE('2026-01-22', 'YYYY-MM-DD'));
INSERT INTO VISITA VALUES (19, 19, TO_DATE('2026-01-23', 'YYYY-MM-DD'));
INSERT INTO VISITA VALUES (20, 20, TO_DATE('2026-01-24', 'YYYY-MM-DD'));

INSERT INTO VISITA VALUES (21, 21, TO_DATE('2026-02-01', 'YYYY-MM-DD'));
INSERT INTO VISITA VALUES (22, 22, TO_DATE('2026-02-02', 'YYYY-MM-DD'));
INSERT INTO VISITA VALUES (23, 23, TO_DATE('2026-02-03', 'YYYY-MM-DD'));
INSERT INTO VISITA VALUES (24, 24, TO_DATE('2026-02-04', 'YYYY-MM-DD'));
INSERT INTO VISITA VALUES (25, 25, TO_DATE('2026-02-05', 'YYYY-MM-DD'));
INSERT INTO VISITA VALUES (26, 26, TO_DATE('2026-02-06', 'YYYY-MM-DD'));
INSERT INTO VISITA VALUES (27, 27, TO_DATE('2026-02-07', 'YYYY-MM-DD'));
INSERT INTO VISITA VALUES (28, 28, TO_DATE('2026-02-08', 'YYYY-MM-DD'));
INSERT INTO VISITA VALUES (29, 29, TO_DATE('2026-02-09', 'YYYY-MM-DD'));
INSERT INTO VISITA VALUES (30, 30, TO_DATE('2026-02-10', 'YYYY-MM-DD'));

INSERT INTO VISITA VALUES (31, 31, TO_DATE('2026-02-11', 'YYYY-MM-DD'));
INSERT INTO VISITA VALUES (32, 32, TO_DATE('2026-02-12', 'YYYY-MM-DD'));
INSERT INTO VISITA VALUES (33, 33, TO_DATE('2026-02-13', 'YYYY-MM-DD'));
INSERT INTO VISITA VALUES (34, 34, TO_DATE('2026-02-14', 'YYYY-MM-DD'));
INSERT INTO VISITA VALUES (35, 35, TO_DATE('2026-02-15', 'YYYY-MM-DD'));
INSERT INTO VISITA VALUES (36, 36, TO_DATE('2026-02-16', 'YYYY-MM-DD'));
INSERT INTO VISITA VALUES (37, 37, TO_DATE('2026-02-17', 'YYYY-MM-DD'));
INSERT INTO VISITA VALUES (38, 38, TO_DATE('2026-02-18', 'YYYY-MM-DD'));
INSERT INTO VISITA VALUES (39, 39, TO_DATE('2026-02-19', 'YYYY-MM-DD'));
INSERT INTO VISITA VALUES (40, 40, TO_DATE('2026-02-20', 'YYYY-MM-DD'));

INSERT INTO VISITA VALUES (41, 41, TO_DATE('2026-03-01', 'YYYY-MM-DD'));
INSERT INTO VISITA VALUES (42, 42, TO_DATE('2026-03-02', 'YYYY-MM-DD'));
INSERT INTO VISITA VALUES (43, 43, TO_DATE('2026-03-03', 'YYYY-MM-DD'));
INSERT INTO VISITA VALUES (44, 44, TO_DATE('2026-03-04', 'YYYY-MM-DD'));
INSERT INTO VISITA VALUES (45, 45, TO_DATE('2026-03-05', 'YYYY-MM-DD'));
INSERT INTO VISITA VALUES (46, 46, TO_DATE('2026-03-06', 'YYYY-MM-DD'));
INSERT INTO VISITA VALUES (47, 47, TO_DATE('2026-03-07', 'YYYY-MM-DD'));
INSERT INTO VISITA VALUES (48, 48, TO_DATE('2026-03-08', 'YYYY-MM-DD'));
INSERT INTO VISITA VALUES (49, 49, TO_DATE('2026-03-09', 'YYYY-MM-DD'));
INSERT INTO VISITA VALUES (50, 50, TO_DATE('2026-03-10', 'YYYY-MM-DD'));

SELECT * FROM VISITA;

INSERT INTO ADOPCION VALUES (1, 1, 'Activa');
INSERT INTO ADOPCION VALUES (2, 2, 'Activa');
INSERT INTO ADOPCION VALUES (3, 3, 'Finalizada');
INSERT INTO ADOPCION VALUES (4, 4, 'Activa');
INSERT INTO ADOPCION VALUES (5, 5, 'Finalizada');
INSERT INTO ADOPCION VALUES (6, 6, 'Activa');
INSERT INTO ADOPCION VALUES (7, 7, 'Activa');
INSERT INTO ADOPCION VALUES (8, 8, 'Finalizada');
INSERT INTO ADOPCION VALUES (9, 9, 'Activa');
INSERT INTO ADOPCION VALUES (10, 10, 'Finalizada');
INSERT INTO ADOPCION VALUES (11, 31, 'Activa');
INSERT INTO ADOPCION VALUES (12, 32, 'Finalizada');
INSERT INTO ADOPCION VALUES (13, 36, 'Activa');
INSERT INTO ADOPCION VALUES (14, 39, 'Activa');
INSERT INTO ADOPCION VALUES (15, 42, 'Finalizada');
INSERT INTO ADOPCION VALUES (16, 45, 'Activa');
INSERT INTO ADOPCION VALUES (17, 48, 'Activa');

SELECT * FROM ADOPCION;

INSERT INTO SEGUIMIENTO VALUES (1, 1, 'La mascota se adapto correctamente.');
INSERT INTO SEGUIMIENTO VALUES (2, 2, 'El adoptante reporta buen comportamiento.');
INSERT INTO SEGUIMIENTO VALUES (3, 3, 'La mascota requiere control veterinario.');
INSERT INTO SEGUIMIENTO VALUES (4, 4, 'Se recomienda nueva visita.');
INSERT INTO SEGUIMIENTO VALUES (5, 5, 'Adaptacion favorable.');
INSERT INTO SEGUIMIENTO VALUES (6, 6, 'La mascota esta en buen estado.');
INSERT INTO SEGUIMIENTO VALUES (7, 7, 'El hogar cumple condiciones adecuadas.');
INSERT INTO SEGUIMIENTO VALUES (8, 8, 'Se observo buena convivencia.');
INSERT INTO SEGUIMIENTO VALUES (9, 9, 'La mascota presenta ansiedad leve.');
INSERT INTO SEGUIMIENTO VALUES (10, 10, 'Seguimiento sin novedades.');
INSERT INTO SEGUIMIENTO VALUES (11, 11, 'La mascota esta saludable.');
INSERT INTO SEGUIMIENTO VALUES (12, 12, 'El adoptante solicita orientacion.');
INSERT INTO SEGUIMIENTO VALUES (13, 13, 'Buena adaptacion inicial.');
INSERT INTO SEGUIMIENTO VALUES (14, 14, 'Se agenda control adicional.');
INSERT INTO SEGUIMIENTO VALUES (15, 15, 'Estado general positivo.');
INSERT INTO SEGUIMIENTO VALUES (16, 16, 'La mascota convive bien con otros animales.');
INSERT INTO SEGUIMIENTO VALUES (17, 17, 'No se reportan inconvenientes.');

SELECT * FROM SEGUIMIENTO;

INSERT INTO CAMPANIA VALUES (1, 1, 'Alimento para todos', 2000000);
INSERT INTO CAMPANIA VALUES (2, 1, 'Vacunacion solidaria', 1500000);
INSERT INTO CAMPANIA VALUES (3, 2, 'Adopta un amigo', 3000000);
INSERT INTO CAMPANIA VALUES (4, 2, 'Esterilizacion responsable', 2500000);
INSERT INTO CAMPANIA VALUES (5, 3, 'Hogar temporal', 1800000);
INSERT INTO CAMPANIA VALUES (6, 3, 'Medicamentos urgentes', 2200000);
INSERT INTO CAMPANIA VALUES (7, 4, 'Rescate animal', 3500000);
INSERT INTO CAMPANIA VALUES (8, 4, 'Jornada de adopcion', 1200000);
INSERT INTO CAMPANIA VALUES (9, 5, 'Camas y cobijas', 900000);
INSERT INTO CAMPANIA VALUES (10, 5, 'Transporte animal', 1600000);

SELECT * FROM CAMPANIA;


INSERT INTO VOLUNTARIO_CAMPANIA VALUES (1, 1, 'Coordinador', 12);
INSERT INTO VOLUNTARIO_CAMPANIA VALUES (2, 1, 'Apoyo logistico', 8);
INSERT INTO VOLUNTARIO_CAMPANIA VALUES (3, 1, 'Cuidador', 10);
INSERT INTO VOLUNTARIO_CAMPANIA VALUES (4, 2, 'Transporte', 6);
INSERT INTO VOLUNTARIO_CAMPANIA VALUES (5, 2, 'Apoyo logistico', 7);
INSERT INTO VOLUNTARIO_CAMPANIA VALUES (6, 2, 'Cuidador', 9);
INSERT INTO VOLUNTARIO_CAMPANIA VALUES (7, 3, 'Coordinador', 14);
INSERT INTO VOLUNTARIO_CAMPANIA VALUES (8, 3, 'Apoyo logistico', 5);
INSERT INTO VOLUNTARIO_CAMPANIA VALUES (9, 3, 'Transporte', 8);
INSERT INTO VOLUNTARIO_CAMPANIA VALUES (10, 4, 'Cuidador', 11);

INSERT INTO VOLUNTARIO_CAMPANIA VALUES (11, 4, 'Apoyo logistico', 7);
INSERT INTO VOLUNTARIO_CAMPANIA VALUES (12, 4, 'Transporte', 6);
INSERT INTO VOLUNTARIO_CAMPANIA VALUES (13, 5, 'Coordinador', 13);
INSERT INTO VOLUNTARIO_CAMPANIA VALUES (14, 5, 'Cuidador', 9);
INSERT INTO VOLUNTARIO_CAMPANIA VALUES (15, 5, 'Apoyo logistico', 8);
INSERT INTO VOLUNTARIO_CAMPANIA VALUES (16, 6, 'Transporte', 6);
INSERT INTO VOLUNTARIO_CAMPANIA VALUES (17, 6, 'Cuidador', 10);
INSERT INTO VOLUNTARIO_CAMPANIA VALUES (18, 6, 'Apoyo logistico', 5);
INSERT INTO VOLUNTARIO_CAMPANIA VALUES (19, 7, 'Coordinador', 15);
INSERT INTO VOLUNTARIO_CAMPANIA VALUES (20, 7, 'Transporte', 8);

INSERT INTO VOLUNTARIO_CAMPANIA VALUES (1, 8, 'Cuidador', 7);
INSERT INTO VOLUNTARIO_CAMPANIA VALUES (2, 8, 'Apoyo logistico', 6);
INSERT INTO VOLUNTARIO_CAMPANIA VALUES (3, 8, 'Transporte', 5);
INSERT INTO VOLUNTARIO_CAMPANIA VALUES (4, 9, 'Coordinador', 10);
INSERT INTO VOLUNTARIO_CAMPANIA VALUES (5, 9, 'Cuidador', 8);
INSERT INTO VOLUNTARIO_CAMPANIA VALUES (6, 9, 'Apoyo logistico', 7);
INSERT INTO VOLUNTARIO_CAMPANIA VALUES (7, 10, 'Transporte', 6);
INSERT INTO VOLUNTARIO_CAMPANIA VALUES (8, 10, 'Cuidador', 9);
INSERT INTO VOLUNTARIO_CAMPANIA VALUES (9, 10, 'Apoyo logistico', 5);
INSERT INTO VOLUNTARIO_CAMPANIA VALUES (10, 10, 'Coordinador', 12);

SELECT * FROM VOLUNTARIO_CAMPANIA;

INSERT INTO DONACION VALUES (1, 1, 1, 50000);
INSERT INTO DONACION VALUES (2, 2, 1, 75000);
INSERT INTO DONACION VALUES (3, 3, 2, 100000);
INSERT INTO DONACION VALUES (4, 4, 2, 30000);
INSERT INTO DONACION VALUES (5, 5, 3, 45000);
INSERT INTO DONACION VALUES (6, 6, 3, 80000);
INSERT INTO DONACION VALUES (7, 7, 4, 120000);
INSERT INTO DONACION VALUES (8, 8, 4, 60000);
INSERT INTO DONACION VALUES (9, 9, 5, 95000);
INSERT INTO DONACION VALUES (10, 10, 5, 40000);

INSERT INTO DONACION VALUES (11, 11, 1, 55000);
INSERT INTO DONACION VALUES (12, 12, 1, 70000);
INSERT INTO DONACION VALUES (13, 13, 2, 110000);
INSERT INTO DONACION VALUES (14, 14, 2, 35000);
INSERT INTO DONACION VALUES (15, 15, 3, 65000);
INSERT INTO DONACION VALUES (16, 16, 3, 90000);
INSERT INTO DONACION VALUES (17, 17, 4, 130000);
INSERT INTO DONACION VALUES (18, 18, 4, 85000);
INSERT INTO DONACION VALUES (19, 19, 5, 45000);
INSERT INTO DONACION VALUES (20, 20, 5, 100000);

INSERT INTO DONACION VALUES (21, 21, 1, 30000);
INSERT INTO DONACION VALUES (22, 22, 1, 60000);
INSERT INTO DONACION VALUES (23, 23, 2, 95000);
INSERT INTO DONACION VALUES (24, 24, 2, 75000);
INSERT INTO DONACION VALUES (25, 25, 3, 50000);
INSERT INTO DONACION VALUES (26, 26, 3, 85000);
INSERT INTO DONACION VALUES (27, 27, 4, 115000);
INSERT INTO DONACION VALUES (28, 28, 4, 40000);
INSERT INTO DONACION VALUES (29, 29, 5, 70000);
INSERT INTO DONACION VALUES (30, 30, 5, 120000);

INSERT INTO DONACION VALUES (31, 31, 1, 45000);
INSERT INTO DONACION VALUES (32, 32, 1, 55000);
INSERT INTO DONACION VALUES (33, 33, 2, 65000);
INSERT INTO DONACION VALUES (34, 34, 2, 75000);
INSERT INTO DONACION VALUES (35, 35, 3, 85000);
INSERT INTO DONACION VALUES (36, 36, 3, 95000);
INSERT INTO DONACION VALUES (37, 37, 4, 105000);
INSERT INTO DONACION VALUES (38, 38, 4, 115000);
INSERT INTO DONACION VALUES (39, 39, 5, 125000);
INSERT INTO DONACION VALUES (40, 40, 5, 135000);

INSERT INTO DONACION VALUES (41, 41, 1, 25000);
INSERT INTO DONACION VALUES (42, 42, 1, 35000);
INSERT INTO DONACION VALUES (43, 43, 2, 45000);
INSERT INTO DONACION VALUES (44, 44, 2, 55000);
INSERT INTO DONACION VALUES (45, 45, 3, 65000);
INSERT INTO DONACION VALUES (46, 46, 3, 75000);
INSERT INTO DONACION VALUES (47, 47, 4, 85000);
INSERT INTO DONACION VALUES (48, 48, 4, 95000);
INSERT INTO DONACION VALUES (49, 49, 5, 105000);
INSERT INTO DONACION VALUES (50, 50, 5, 115000);

SELECT * FROM DONACION;
COMMIT;